INSERT INTO register_place (place_id, storage_location, free) VALUES
(1, '02 10 03', 'нет'),
(2, '03 03 04', 'нет'),
(3, '02 05 06', 'нет'),
(4, '03 05 07', 'нет'),
(5, '05 04 03', 'нет'),
(6, '03 07 08', 'нет'),
(7, '03 04 09', 'нет'),
(8, '01 01 05', 'нет'),
(9, '01 01 01', 'да')

INSERT INTO products (product_id, product_name, type, quantity, measure, expiration_date_from, expiration_date_to, place_id) VALUES
(1, 'Asus Rog Strix', 'Ноутбуки', 5, 'штук', '2021-08-01 00:00:00', '2022-08-01 00:00:00', 1),
(2, 'Xiaomi redmi note 8', 'Смартфоны', 10, 'штук', '2020-11-23 15:00:00', '2022-12-01 5:00:00', 2),
(3, 'Samsung t-867', 'Компьютеры', 20, 'штук', '2020-12-29 20:30:00', '2022-07-05 16:30:00', 3),
(4, 'Стиральная машинка LG', 'Бытовая техника', 10, 'штук', '2021-01-22 10:30:00', '2022-06-28 12:32:00', 4),
(5, 'Передний бампер', 'Детали', 6, 'штук', '2020-09-23 18:00:00', '2022-08-12 15:00:00', 5),
(6, 'Комод', 'Мебель', 7, 'штук', '2021-02-10 19:30:00', '2022-05-10 19:30:00', 6),
(7, 'Пылесос', 'Бытовая техника', 15, 'штук', '2021-01-19 17:50:00', '2022-11-29 17:50:00', 7),
(8, 'Картошка', 'Овощи', 100, 'штук','2021-01-22 10:30:00', '2022-12-22 11:30:00', 8)

INSERT INTO clients (client_id, client_name, contact, address, email) VALUES
(1, 'Иван Иванов', '+7 (976) 130-93-80', 'Ярославское шоссе д26', 'cromaint0@go.com'),
(2, 'Василиса Угаройко', '+7 (975) 135-96-90', 'Мосфильмовская улица, д53', 'jcess1@mashable.com'),
(3, 'Джулий Владимир', '+7 (985) 935-86-00', 'улица Покровкаб д26', 'pbrew2@booking.com'),
(4, 'Багров Алексей', '+7 (965) 165-46-98', 'Остоженка 895', 'dflexman3@themeforest.net'),
(5, 'Дудаков Денис', '+7 (975) 665-46-86', 'Цветной бульвар, д11', 'tvickery4@behance.net'),
(6, 'Жуков Никита', '+7 (976) 105-03-13', 'Театральный пр-д, д5/1', 'bleban5@jiathis.com'),
(7, 'Жуков Никита', '+7 (975) 455-76-46', 'Тверская улица, д18к1', 'lpays6@tmall.com'),
(8, 'Чанкаев Шамиль', '+7 (963) 144-88-75', 'улица Солянка д1/2', 'bcapnor7@networksolutions.com')

INSERT INTO suppliers (supplier_id, supplier_name, contact, address, email) VALUES
(1, 'Казакова Алиса', '+7 (926) 059-17-93', 'улица Пятницкая, д27', 'wokker0@infoseek.co.jp'),
(2, 'Богданова Василиса', '+7 (926) 765-17-17', 'улица Арбат, д1', 'bsommer1@ezinearticles.com'),
(3, 'Худяков Лев', '+7 (926) 856-71-63', 'Цимлянская улица, д3', 'rmackaig2@drupal.org'),
(4, 'Касаткин Илья', '+7 (926) 012-05-22', 'Простоквашинский проезд, д41', 'psallenger3@prnewswire.com'),
(5, 'Григорьев Владислав', '+7 (926) 681-35-69', 'Улица Каменькин луг, д4', 'sbarribal4@hp.com'),
(6, 'Глухова Милана', '+7 (926) 796-84-22', 'Последний переулок, д3', 'cpegden5@skype.com'),
(7, 'Устинов Тимофей', '+7 (926) 796-94-32', 'Золотолиственная улица, д2', 'amarner6@nytimes.com'),
(8, 'Филиппов Андрей', '+7 (926) 120-55-22', 'Зимний переулок, д9', 'awrist7@cnet.com'),
(9, 'Литвинов Дмитрий', '+7 (926) 716-32-93', 'Кузнеческий проезд, д3', 'amatejic8@reverbnation.com'),
(10, 'Розанова Алиса', '+7 (926) 177-90-61', 'Черная улица, д13', 'ehuson9@weather.com')

INSERT INTO supplies (supply_id, supplier_id, data_supply, status, store_period) VALUES
(1, 1, '2022-01-05 10:40:00', 'в процессе', 120),
(3, 2, '2022-02-03 19:50:00', 'в процессе', 100),
(2, 3, '2022-02-26 13:20:00', 'в процессе', 60),
(5, 4, '2022-03-20 17:10:00', 'в процессе', 90),
(6, 5, '2022-04-16 11:00:00', 'в процессе', 80),
(4, 6, '2022-05-25 12:20:00', 'в процессе', 120)

INSERT INTO deliveries (delivery_id, client_id, date_issue, status) VALUES
(1, 1, '2022-02-05 10:40:00', 'завершен'),
(3, 2, '2022-01-03 19:50:00', 'завершен'),
(2, 3, '2022-06-26 13:20:00', 'в процессе'),
(5, 4, '2022-07-20 17:10:00', 'в процессе'),
(6, 5, '2022-08-16 11:00:00', 'в процессе'),
(4, 6, '2022-09-25 12:20:00', 'в процессе')

INSERT INTO deliveries_list (deliveries_list_id, product_id, delivery_id, quantity) VALUES
(1, 1, 1, 4),
(2, 1, 2, 6),
(3, 2, 3, 4),
(4, 3, 4, 5),
(5, 3, 4, 6),
(6, 4, 5, 10),
(7, 5, 6, 20),
(8, 6, 1, 15)

INSERT INTO supplies_list (supplies_list_id, product_id, supply_id, quantity) VALUES
(1, 1, 2, 3),
(2, 1, 1, 5),
(3, 2, 3, 1),
(4, 3, 5, 9),
(5, 3, 4, 7),
(6, 4, 5, 6),
(7, 5, 6, 5),
(8, 6, 1, 1)
